,Moggy
,Abyssinian
,American Bobtail
,American Curl
,American Shorthair
,American Wirehair
,Arabian Mau
,Balinese
,Bambino
,Bengal
,Birman
,Bombay
,Brazilian Shorthair
,British Longhair
,British Semi-longhair
,British Shorthair
,Burmese
,Burmilla
,Cornish Rex
,Cyprus
,Devon Rex
,Egyptian Mau
,European Shorthair
,Exotic Shorthair
,German Rex
,Himalayan
,Japanese Bobtail
,Longhaired Manx
,Maine Coon
,Manx
,Minskin
,Munchkin
,Napoleon
,Nebelung
,Norwegian Forest cat
,Persian
,Ragdoll
,Russian Blue
,Scottish Fold
,Siamese
,Siberian Forest Cat
,Sphynx
,Tonkinese
,Turkish Angora
,Turkish Van
